Map	.geo
1	{"geodesic":false,"type":"Point","coordinates":[34.69891006933532,1.1762091172618956]}
1	{"geodesic":false,"type":"Point","coordinates":[34.75146151345631,1.1188067706066582]}
1	{"geodesic":false,"type":"Point","coordinates":[34.759546351013384,1.1215017164590166]}
1	{"geodesic":false,"type":"Point","coordinates":[34.69217270470442,1.1899533411089243]}
1	{"geodesic":false,"type":"Point","coordinates":[34.741490213802585,1.2001941353478869]}
1	{"geodesic":false,"type":"Point","coordinates":[34.70079653143197,1.1427917886926493]}
1	{"geodesic":false,"type":"Point","coordinates":[34.75873786725768,1.16030893673298]}
1	{"geodesic":false,"type":"Point","coordinates":[34.706186423136685,1.141983304936942]}
1	{"geodesic":false,"type":"Point","coordinates":[34.71939165781324,1.1918398032055753]}
1	{"geodesic":false,"type":"Point","coordinates":[34.71049833650046,1.1215017164590166]}
1	{"geodesic":false,"type":"Point","coordinates":[34.681392921294986,1.13821038074364]}
1	{"geodesic":false,"type":"Point","coordinates":[34.70888136898905,1.1514156154201969]}
1	{"geodesic":false,"type":"Point","coordinates":[34.71184580942664,1.1047930521743936]}
1	{"geodesic":false,"type":"Point","coordinates":[34.74768858926301,1.1018286117367992]}
1	{"geodesic":false,"type":"Point","coordinates":[34.70672541230716,1.137940886158404]}
1	{"geodesic":false,"type":"Point","coordinates":[34.75846837267244,1.1236576731409036]}
1	{"geodesic":false,"type":"Point","coordinates":[34.71966115239848,1.1112609222200542]}
1	{"geodesic":false,"type":"Point","coordinates":[34.712115304011874,1.1627343880001026]}
1	{"geodesic":false,"type":"Point","coordinates":[34.7649362427181,1.1277000919194413]}
1	{"geodesic":false,"type":"Point","coordinates":[34.701605015187674,1.1805210306256693]}
1	{"geodesic":false,"type":"Point","coordinates":[34.75146151345631,1.120962727288545]}
1	{"geodesic":false,"type":"Point","coordinates":[34.720469636154185,1.1554580341987346]}
1	{"geodesic":false,"type":"Point","coordinates":[34.720469636154185,1.147103702056423]}
1	{"geodesic":false,"type":"Point","coordinates":[34.7649362427181,1.1196152543623656]}
1	{"geodesic":false,"type":"Point","coordinates":[34.68462685631782,1.201541608274066]}
1	{"geodesic":false,"type":"Point","coordinates":[34.70591692855145,1.1368629078174606]}
1	{"geodesic":false,"type":"Point","coordinates":[34.716427217375646,1.1409053265959983]}
1	{"geodesic":false,"type":"Point","coordinates":[34.691903210119186,1.1972296949102923]}
1	{"geodesic":false,"type":"Point","coordinates":[34.69163371553395,1.1438697670335929]}
1	{"geodesic":false,"type":"Point","coordinates":[34.69432866138631,1.1964212111545849]}
1	{"geodesic":false,"type":"Point","coordinates":[34.68058443753928,1.2061230162230756]}
1	{"geodesic":false,"type":"Point","coordinates":[34.73017144122268,1.158422474636329]}
1	{"geodesic":false,"type":"Point","coordinates":[34.75200050262678,1.1727056876538295]}
1	{"geodesic":false,"type":"Point","coordinates":[34.718583174057535,1.2589439549293036]}
1	{"geodesic":false,"type":"Point","coordinates":[34.70349147728433,1.1762091172618956]}
1	{"geodesic":false,"type":"Point","coordinates":[34.70483895021051,1.141983304936942]}
1	{"geodesic":false,"type":"Point","coordinates":[34.82449454605523,1.1123389005609976]}
1	{"geodesic":false,"type":"Point","coordinates":[34.75873786725768,1.1206932327033092]}
1	{"geodesic":false,"type":"Point","coordinates":[34.718583174057535,1.1290475648456206]}
1	{"geodesic":false,"type":"Point","coordinates":[34.724512054932724,1.165968323022933]}
1	{"geodesic":false,"type":"Point","coordinates":[34.75900736184291,1.1425222941074136]}
1	{"geodesic":false,"type":"Point","coordinates":[34.7115763148414,1.1619259042443952]}
1	{"geodesic":false,"type":"Point","coordinates":[34.68786079134065,1.1972296949102923]}
1	{"geodesic":false,"type":"Point","coordinates":[34.71966115239848,1.1710887201424143]}
1	{"geodesic":false,"type":"Point","coordinates":[34.69055573719301,1.130664532357036]}
1	{"geodesic":false,"type":"Point","coordinates":[34.7010660260172,1.1559970233692063]}
1	{"geodesic":false,"type":"Point","coordinates":[34.70349147728433,1.119076265191894]}
1	{"geodesic":false,"type":"Point","coordinates":[34.708072885233335,1.1225796947999602]}
1	{"geodesic":false,"type":"Point","coordinates":[34.735022343756924,1.140096842840291]}
1	{"geodesic":false,"type":"Point","coordinates":[34.6964846180682,1.1964212111545849]}
1	{"geodesic":false,"type":"Point","coordinates":[34.706455917721925,1.1101829438791107]}
1	{"geodesic":false,"type":"Point","coordinates":[34.718583174057535,1.13821038074364]}
1	{"geodesic":false,"type":"Point","coordinates":[34.69109472636348,1.147373196641659]}
1	{"geodesic":false,"type":"Point","coordinates":[34.70968985274475,1.16812427970482]}
1	{"geodesic":false,"type":"Point","coordinates":[34.690016748022536,1.105871030515337]}
1	{"geodesic":false,"type":"Point","coordinates":[34.72612902244414,1.16812427970482]}
1	{"geodesic":false,"type":"Point","coordinates":[34.685435340073525,1.1983076732512359]}
1	{"geodesic":false,"type":"Point","coordinates":[34.69298118846013,1.1314730161127433]}
1	{"geodesic":false,"type":"Point","coordinates":[34.69432866138631,1.196151716569349]}
1	{"geodesic":false,"type":"Point","coordinates":[34.71696620654612,1.1465647128859513]}
1	{"geodesic":false,"type":"Point","coordinates":[34.70349147728433,1.125005146067083]}
1	{"geodesic":false,"type":"Point","coordinates":[34.73610032209787,1.1403663374255266]}
1	{"geodesic":false,"type":"Point","coordinates":[34.7107678310857,1.1557275287839706]}
1	{"geodesic":false,"type":"Point","coordinates":[34.75658191057579,1.1252746406523186]}
1	{"geodesic":false,"type":"Point","coordinates":[34.6935201776306,1.1185372760214223]}
1	{"geodesic":false,"type":"Point","coordinates":[34.726398517029374,1.1476426912268949]}
1	{"geodesic":false,"type":"Point","coordinates":[34.70672541230716,1.1497986479087816]}
1	{"geodesic":false,"type":"Point","coordinates":[34.70052703684674,1.154649550443027]}
1	{"geodesic":false,"type":"Point","coordinates":[34.75900736184291,1.119076265191894]}
1	{"geodesic":false,"type":"Point","coordinates":[34.714271260693764,1.1950737382284056]}
1	{"geodesic":false,"type":"Point","coordinates":[34.7010660260172,1.1985771678364716]}
1	{"geodesic":false,"type":"Point","coordinates":[34.73340537624551,1.1818685035518486]}
1	{"geodesic":false,"type":"Point","coordinates":[34.749305556774424,1.156536012539678]}
1	{"geodesic":false,"type":"Point","coordinates":[34.74229869755829,1.109643954708639]}
1	{"geodesic":false,"type":"Point","coordinates":[34.737447795024046,1.1966907057398206]}
1	{"geodesic":false,"type":"Point","coordinates":[34.702144004358146,1.151146120834961]}
1	{"geodesic":false,"type":"Point","coordinates":[34.76655321022952,1.1330899836241586]}
1	{"geodesic":false,"type":"Point","coordinates":[34.78999923914504,1.2101654350016136]}
1	{"geodesic":false,"type":"Point","coordinates":[34.71777469030183,1.1163813193395353]}
1	{"geodesic":false,"type":"Point","coordinates":[34.72855447371126,1.209356951245906]}
1	{"geodesic":false,"type":"Point","coordinates":[34.76439725354763,1.1392883590845833]}
1	{"geodesic":false,"type":"Point","coordinates":[34.71184580942664,1.1748616443357163]}
1	{"geodesic":false,"type":"Point","coordinates":[34.69109472636348,1.1745921497504805]}
1	{"geodesic":false,"type":"Point","coordinates":[34.75873786725768,1.137940886158404]}
1	{"geodesic":false,"type":"Point","coordinates":[34.7258595278589,1.1721666984833576]}
1	{"geodesic":false,"type":"Point","coordinates":[34.69082523177824,1.2026195866150096]}
1	{"geodesic":false,"type":"Point","coordinates":[34.72100862532466,1.1352459403060453]}
1	{"geodesic":false,"type":"Point","coordinates":[34.69621512348296,1.2023500920297736]}
1	{"geodesic":false,"type":"Point","coordinates":[34.76466674813287,1.1241966623113753]}
1	{"geodesic":false,"type":"Point","coordinates":[34.77140411276376,1.14925965873831]}
1	{"geodesic":false,"type":"Point","coordinates":[34.734752849171684,1.2058535216378399]}
1	{"geodesic":false,"type":"Point","coordinates":[34.734752849171684,1.1570750017101497]}
1	{"geodesic":false,"type":"Point","coordinates":[34.75658191057579,1.1578834854658573]}
1	{"geodesic":false,"type":"Point","coordinates":[34.70133552060244,1.122849189385196]}
1	{"geodesic":false,"type":"Point","coordinates":[34.75280898638249,1.2085484674901983]}
1	{"geodesic":false,"type":"Point","coordinates":[34.81290627889008,1.2220231967519912]}
1	{"geodesic":false,"type":"Point","coordinates":[34.71993064698371,1.1514156154201969]}
1	{"geodesic":false,"type":"Point","coordinates":[34.71885266864277,1.21690279963251]}
1	{"geodesic":false,"type":"Point","coordinates":[34.73394436541598,1.2047755432968963]}
1	{"geodesic":false,"type":"Point","coordinates":[34.71939165781324,1.1446782507893003]}
1	{"geodesic":false,"type":"Point","coordinates":[34.716427217375646,1.1050625467596296]}
1	{"geodesic":false,"type":"Point","coordinates":[34.70376097186956,1.1891448573532166]}
1	{"geodesic":false,"type":"Point","coordinates":[34.706186423136685,1.136054424061753]}
1	{"geodesic":false,"type":"Point","coordinates":[34.712115304011874,1.164351355511518]}
1	{"geodesic":false,"type":"Point","coordinates":[34.73205790331933,1.2007331245183586]}
1	{"geodesic":false,"type":"Point","coordinates":[34.72154761449513,1.1780955793585466]}
1	{"geodesic":false,"type":"Point","coordinates":[34.736908805853574,1.20908745666067]}
1	{"geodesic":false,"type":"Point","coordinates":[34.76924815608188,1.1675852905343482]}
1	{"geodesic":false,"type":"Point","coordinates":[34.78460934744032,1.207200994564019]}
1	{"geodesic":false,"type":"Point","coordinates":[34.73771728960928,1.1026370954925067]}
1	{"geodesic":false,"type":"Point","coordinates":[34.741490213802585,1.164081860926282]}
1	{"geodesic":false,"type":"Point","coordinates":[34.73151891414886,1.1899533411089243]}
1	{"geodesic":false,"type":"Point","coordinates":[34.7355613329274,1.1406358320107626]}
1	{"geodesic":false,"type":"Point","coordinates":[34.73771728960928,1.1056015359301012]}
1	{"geodesic":false,"type":"Point","coordinates":[34.69244219928966,1.182946481892792]}
1	{"geodesic":false,"type":"Point","coordinates":[34.774638047786596,1.1481816803973666]}
1	{"geodesic":false,"type":"Point","coordinates":[34.68570483465876,1.1600394421477442]}
1	{"geodesic":false,"type":"Point","coordinates":[34.716696711960886,1.1921092977908112]}
1	{"geodesic":false,"type":"Point","coordinates":[34.75119201887107,1.1939957598874622]}
1	{"geodesic":false,"type":"Point","coordinates":[34.71723570113136,1.1241966623113753]}
1	{"geodesic":false,"type":"Point","coordinates":[34.7325968924898,1.1861804169156223]}
1	{"geodesic":false,"type":"Point","coordinates":[34.685974329244,1.184832943989443]}
1	{"geodesic":false,"type":"Point","coordinates":[34.72612902244414,1.2249876371895856]}
1	{"geodesic":false,"type":"Point","coordinates":[34.71049833650046,1.119076265191894]}
1	{"geodesic":false,"type":"Point","coordinates":[34.72370357117702,1.1778260847733106]}
1	{"geodesic":false,"type":"Point","coordinates":[34.72020014156895,1.1072185034415163]}
1	{"geodesic":false,"type":"Point","coordinates":[34.71939165781324,1.1333594782093943]}
1	{"geodesic":false,"type":"Point","coordinates":[34.683548877976875,1.198038178666]}
1	{"geodesic":false,"type":"Point","coordinates":[34.714540755278996,1.1834854710632636]}
1	{"geodesic":false,"type":"Point","coordinates":[34.695676134312485,1.1522240991759043]}
1	{"geodesic":false,"type":"Point","coordinates":[34.85979833672113,1.1139558680724126]}
1	{"geodesic":false,"type":"Point","coordinates":[34.75038353511537,1.1161118247542996]}
1	{"geodesic":false,"type":"Point","coordinates":[34.76304978062145,1.1503376370792533]}
1	{"geodesic":false,"type":"Point","coordinates":[34.75685140516103,1.1179982868509506]}
1	{"geodesic":false,"type":"Point","coordinates":[34.749575051359656,1.2023500920297736]}
1	{"geodesic":false,"type":"Point","coordinates":[34.83150140527136,1.1479121858121306]}
1	{"geodesic":false,"type":"Point","coordinates":[34.69459815597155,1.167854785119584]}
1	{"geodesic":false,"type":"Point","coordinates":[34.706186423136685,1.1295865540160923]}
1	{"geodesic":false,"type":"Point","coordinates":[34.72612902244414,1.158691969221565]}
1	{"geodesic":false,"type":"Point","coordinates":[34.70133552060244,1.1840244602337353]}
1	{"geodesic":false,"type":"Point","coordinates":[34.749305556774424,1.1126083951462336]}
1	{"geodesic":false,"type":"Point","coordinates":[34.7212781199099,1.21690279963251]}
1	{"geodesic":false,"type":"Point","coordinates":[34.75658191057579,1.186719406086094]}
1	{"geodesic":false,"type":"Point","coordinates":[34.729093462881735,1.2390013556218502]}
1	{"geodesic":false,"type":"Point","coordinates":[34.694059166801075,1.13821038074364]}
1	{"geodesic":false,"type":"Point","coordinates":[34.69864057475008,1.2069314999787832]}
1	{"geodesic":false,"type":"Point","coordinates":[34.69271169387489,1.205314532467368]}
1	{"geodesic":false,"type":"Point","coordinates":[34.704030466454796,1.1818685035518486]}
1	{"geodesic":false,"type":"Point","coordinates":[34.68408786714735,1.1993856515921792]}
1	{"geodesic":false,"type":"Point","coordinates":[34.71885266864277,1.156536012539678]}
1	{"geodesic":false,"type":"Point","coordinates":[34.761432813110034,1.136323918646989]}
1	{"geodesic":false,"type":"Point","coordinates":[34.68651331841447,1.1535715721020836]}
1	{"geodesic":false,"type":"Point","coordinates":[34.76897866149664,1.1500681424940176]}
1	{"geodesic":false,"type":"Point","coordinates":[34.702144004358146,1.1910313194498676]}
1	{"geodesic":false,"type":"Point","coordinates":[34.695945628897725,1.1651598392672255]}
1	{"geodesic":false,"type":"Point","coordinates":[34.72343407659178,1.181329514381377]}
1	{"geodesic":false,"type":"Point","coordinates":[34.7183136794723,1.1368629078174606]}
1	{"geodesic":false,"type":"Point","coordinates":[34.714810249864236,1.2171722942177459]}
1	{"geodesic":false,"type":"Point","coordinates":[34.70376097186956,1.2063925108083116]}
1	{"geodesic":false,"type":"Point","coordinates":[34.68489635090305,1.1312035215275076]}
1	{"geodesic":false,"type":"Point","coordinates":[34.757929383501974,1.1179982868509506]}
1	{"geodesic":false,"type":"Point","coordinates":[34.720469636154185,1.105871030515337]}
1	{"geodesic":false,"type":"Point","coordinates":[34.734752849171684,1.1406358320107626]}
1	{"geodesic":false,"type":"Point","coordinates":[34.69271169387489,1.1807905252109052]}
1	{"geodesic":false,"type":"Point","coordinates":[34.81128931137867,1.2050450378821322]}
1	{"geodesic":false,"type":"Point","coordinates":[34.72424256034749,1.2198672400701043]}
1	{"geodesic":false,"type":"Point","coordinates":[34.712115304011874,1.1689327634605275]}
1	{"geodesic":false,"type":"Point","coordinates":[34.70322198269909,1.1705497309719426]}
1	{"geodesic":false,"type":"Point","coordinates":[34.708072885233335,1.1085659763676956]}
1	{"geodesic":false,"type":"Point","coordinates":[34.71777469030183,1.148990164153074]}
1	{"geodesic":false,"type":"Point","coordinates":[34.720469636154185,1.1282390810899132]}
1	{"geodesic":false,"type":"Point","coordinates":[34.71723570113136,1.1225796947999602]}
1	{"geodesic":false,"type":"Point","coordinates":[34.74607162175159,1.2012721136888302]}
1	{"geodesic":false,"type":"Point","coordinates":[34.840394726584144,1.1460257237154796]}
1	{"geodesic":false,"type":"Point","coordinates":[34.73987324629117,1.1635428717558103]}
1	{"geodesic":false,"type":"Point","coordinates":[34.79026873373027,1.212860380853972]}
1	{"geodesic":false,"type":"Point","coordinates":[34.70564743396621,1.121232221873781]}
1	{"geodesic":false,"type":"Point","coordinates":[34.71292378776758,1.20908745666067]}
1	{"geodesic":false,"type":"Point","coordinates":[34.71561873361994,1.1347069511355736]}
1	{"geodesic":false,"type":"Point","coordinates":[34.68193191046546,1.2042365541264246]}
1	{"geodesic":false,"type":"Point","coordinates":[34.710228841915225,1.120962727288545]}
1	{"geodesic":false,"type":"Point","coordinates":[34.68839978051112,1.1780955793585466]}
1	{"geodesic":false,"type":"Point","coordinates":[34.72936295746697,1.165968323022933]}
1	{"geodesic":false,"type":"Point","coordinates":[34.724512054932724,1.20908745666067]}
1	{"geodesic":false,"type":"Point","coordinates":[34.739603751705936,1.14144431576647]}
1	{"geodesic":false,"type":"Point","coordinates":[34.724781549517964,1.21690279963251]}
1	{"geodesic":false,"type":"Point","coordinates":[34.68893876968159,1.181329514381377]}
1	{"geodesic":false,"type":"Point","coordinates":[34.75846837267244,1.141983304936942]}
1	{"geodesic":false,"type":"Point","coordinates":[34.71534923903471,1.1279695865046773]}
1	{"geodesic":false,"type":"Point","coordinates":[34.68193191046546,1.2160943158768023]}
1	{"geodesic":false,"type":"Point","coordinates":[34.71912216322801,1.1301255431865642]}
1	{"geodesic":false,"type":"Point","coordinates":[34.729093462881735,1.2010026191035943]}
1	{"geodesic":false,"type":"Point","coordinates":[34.74580212716636,1.106140525100573]}
1	{"geodesic":false,"type":"Point","coordinates":[34.683279383391636,1.201541608274066]}
1	{"geodesic":false,"type":"Point","coordinates":[34.69702360723867,1.2104349295868493]}
1	{"geodesic":false,"type":"Point","coordinates":[34.68435736173258,1.179443052284726]}
1	{"geodesic":false,"type":"Point","coordinates":[34.69298118846013,1.1694717526309992]}
1	{"geodesic":false,"type":"Point","coordinates":[34.70079653143197,1.2096264458311419]}
1	{"geodesic":false,"type":"Point","coordinates":[34.75415645930867,1.188875362767981]}
1	{"geodesic":false,"type":"Point","coordinates":[34.68813028592589,1.175670128091424]}
1	{"geodesic":false,"type":"Point","coordinates":[34.77598552071277,1.1600394421477442]}
1	{"geodesic":false,"type":"Point","coordinates":[34.70052703684674,1.1969602003250566]}
1	{"geodesic":false,"type":"Point","coordinates":[34.71750519571659,1.126622113578498]}
1	{"geodesic":false,"type":"Point","coordinates":[34.76385826437716,1.1355154348912813]}
1	{"geodesic":false,"type":"Point","coordinates":[34.71507974444947,1.1303950377718]}
1	{"geodesic":false,"type":"Point","coordinates":[34.70483895021051,1.1384798753288756]}
1	{"geodesic":false,"type":"Point","coordinates":[34.706455917721925,1.1215017164590166]}
1	{"geodesic":false,"type":"Point","coordinates":[34.70564743396621,1.14925965873831]}
1	{"geodesic":false,"type":"Point","coordinates":[34.72936295746697,1.1635428717558103]}
1	{"geodesic":false,"type":"Point","coordinates":[34.73771728960928,1.1427917886926493]}
1	{"geodesic":false,"type":"Point","coordinates":[34.69325068304536,1.2082789729049626]}
1	{"geodesic":false,"type":"Point","coordinates":[34.72020014156895,1.11153041680529]}
1	{"geodesic":false,"type":"Point","coordinates":[34.70376097186956,1.150876626249725]}
1	{"geodesic":false,"type":"Point","coordinates":[34.755503932234845,1.1179982868509506]}
1	{"geodesic":false,"type":"Point","coordinates":[34.68651331841447,1.1958822219841132]}
1	{"geodesic":false,"type":"Point","coordinates":[34.73421386000121,1.1702802363867066]}
1	{"geodesic":false,"type":"Point","coordinates":[34.706455917721925,1.1201542435328373]}
1	{"geodesic":false,"type":"Point","coordinates":[34.726937506199846,1.207470489149255]}
1	{"geodesic":false,"type":"Point","coordinates":[34.76547523188857,1.128778070260385]}
1	{"geodesic":false,"type":"Point","coordinates":[34.70915086357428,1.1805210306256693]}
1	{"geodesic":false,"type":"Point","coordinates":[34.69028624260777,1.1522240991759043]}
1	{"geodesic":false,"type":"Point","coordinates":[34.72774598995556,1.143600272448357]}
1	{"geodesic":false,"type":"Point","coordinates":[34.76897866149664,1.1479121858121306]}
1	{"geodesic":false,"type":"Point","coordinates":[34.73151891414886,1.2088179620754342]}
1	{"geodesic":false,"type":"Point","coordinates":[34.73205790331933,1.2365759043547275]}
1	{"geodesic":false,"type":"Point","coordinates":[34.73124941956362,1.203697564955953]}
1	{"geodesic":false,"type":"Point","coordinates":[34.702144004358146,1.190761824864632]}
1	{"geodesic":false,"type":"Point","coordinates":[34.712384798597114,1.1320120052832152]}
1	{"geodesic":false,"type":"Point","coordinates":[34.71130682025617,1.1241966623113753]}
1	{"geodesic":false,"type":"Point","coordinates":[34.70537793938098,1.188605868182745]}
1	{"geodesic":false,"type":"Point","coordinates":[34.71912216322801,1.1503376370792533]}
1	{"geodesic":false,"type":"Point","coordinates":[34.68031494295404,1.1826769873075562]}
1	{"geodesic":false,"type":"Point","coordinates":[34.699718553091024,1.1330899836241586]}
1	{"geodesic":false,"type":"Point","coordinates":[34.68839978051112,1.2007331245183586]}
1	{"geodesic":false,"type":"Point","coordinates":[34.69944905850579,1.1966907057398206]}
1	{"geodesic":false,"type":"Point","coordinates":[34.82557252439617,1.239270850207086]}
1	{"geodesic":false,"type":"Point","coordinates":[34.699718553091024,1.1837549656484996]}
1	{"geodesic":false,"type":"Point","coordinates":[34.68462685631782,1.1301255431865642]}
1	{"geodesic":false,"type":"Point","coordinates":[34.73906476253546,1.1144948572428843]}
1	{"geodesic":false,"type":"Point","coordinates":[34.726398517029374,1.1956127273988773]}
1	{"geodesic":false,"type":"Point","coordinates":[34.7078033906481,1.2125908862687362]}
1	{"geodesic":false,"type":"Point","coordinates":[34.757929383501974,1.128508575675149]}
1	{"geodesic":false,"type":"Point","coordinates":[34.76843967232617,1.147103702056423]}
1	{"geodesic":false,"type":"Point","coordinates":[34.70564743396621,1.1638123663410462]}
1	{"geodesic":false,"type":"Point","coordinates":[34.704299961040036,1.137671391573168]}
1	{"geodesic":false,"type":"Point","coordinates":[34.693789672215836,1.1937262653022263]}
1	{"geodesic":false,"type":"Point","coordinates":[34.77329057486041,1.1533020775168479]}
1	{"geodesic":false,"type":"Point","coordinates":[34.72774598995556,1.1710887201424143]}
1	{"geodesic":false,"type":"Point","coordinates":[34.70564743396621,1.1206932327033092]}
1	{"geodesic":false,"type":"Point","coordinates":[34.69028624260777,1.1648903446819896]}
1	{"geodesic":false,"type":"Point","coordinates":[34.747419094677774,1.1425222941074136]}
1	{"geodesic":false,"type":"Point","coordinates":[34.774638047786596,1.1516851100054326]}
1	{"geodesic":false,"type":"Point","coordinates":[34.69837108016485,1.1956127273988773]}
1	{"geodesic":false,"type":"Point","coordinates":[34.73071043039315,1.1630038825853386]}
1	{"geodesic":false,"type":"Point","coordinates":[34.75280898638249,1.1104524384643466]}
1	{"geodesic":false,"type":"Point","coordinates":[34.74068173004687,1.1613869150739236]}
1	{"geodesic":false,"type":"Point","coordinates":[34.771673607349,1.1500681424940176]}
1	{"geodesic":false,"type":"Point","coordinates":[34.70672541230716,1.1392883590845833]}
1	{"geodesic":false,"type":"Point","coordinates":[34.689208264266824,1.2276825830419442]}
1	{"geodesic":false,"type":"Point","coordinates":[34.751731008041546,1.1139558680724126]}
1	{"geodesic":false,"type":"Point","coordinates":[34.69271169387489,1.166237817608169]}
1	{"geodesic":false,"type":"Point","coordinates":[34.69810158557961,1.1635428717558103]}
1	{"geodesic":false,"type":"Point","coordinates":[34.75685140516103,1.2080094783197266]}
1	{"geodesic":false,"type":"Point","coordinates":[34.71184580942664,1.1390188644993473]}
1	{"geodesic":false,"type":"Point","coordinates":[34.69675411265343,1.2085484674901983]}
1	{"geodesic":false,"type":"Point","coordinates":[34.69244219928966,1.190761824864632]}
1	{"geodesic":false,"type":"Point","coordinates":[34.69621512348296,1.1597699475625083]}
1	{"geodesic":false,"type":"Point","coordinates":[34.690016748022536,1.1387493699141116]}
1	{"geodesic":false,"type":"Point","coordinates":[34.77113461817853,1.1495291533235459]}
1	{"geodesic":false,"type":"Point","coordinates":[34.7325968924898,1.1037150738334502]}
1	{"geodesic":false,"type":"Point","coordinates":[34.70510844479574,1.203428070370717]}
1	{"geodesic":false,"type":"Point","coordinates":[34.71912216322801,1.1570750017101497]}
1	{"geodesic":false,"type":"Point","coordinates":[34.685435340073525,1.2284910667976516]}
1	{"geodesic":false,"type":"Point","coordinates":[34.70753389606286,1.1789040631142542]}
1	{"geodesic":false,"type":"Point","coordinates":[34.70079653143197,1.1759396226766596]}
1	{"geodesic":false,"type":"Point","coordinates":[34.73340537624551,1.115303340998592]}
1	{"geodesic":false,"type":"Point","coordinates":[34.72181710908036,1.145486734545008]}
1	{"geodesic":false,"type":"Point","coordinates":[34.75685140516103,1.117189803095243]}
1	{"geodesic":false,"type":"Point","coordinates":[34.73421386000121,1.1422527995221776]}
1	{"geodesic":false,"type":"Point","coordinates":[34.691364220948714,1.1535715721020836]}
1	{"geodesic":false,"type":"Point","coordinates":[34.70349147728433,1.1934567707169903]}
1	{"geodesic":false,"type":"Point","coordinates":[34.72855447371126,1.1538410666873196]}
1	{"geodesic":false,"type":"Point","coordinates":[34.69082523177824,1.1328204890389226]}
1	{"geodesic":false,"type":"Point","coordinates":[34.69109472636348,1.1918398032055753]}
1	{"geodesic":false,"type":"Point","coordinates":[34.73151891414886,1.1667768067786406]}
1	{"geodesic":false,"type":"Point","coordinates":[34.69271169387489,1.2125908862687362]}
1	{"geodesic":false,"type":"Point","coordinates":[34.708072885233335,1.1918398032055753]}
1	{"geodesic":false,"type":"Point","coordinates":[34.72289508742131,1.1293170594308566]}
1	{"geodesic":false,"type":"Point","coordinates":[34.848479564141215,1.1721666984833576]}
1	{"geodesic":false,"type":"Point","coordinates":[34.732866387075035,1.1519546045906686]}
1	{"geodesic":false,"type":"Point","coordinates":[34.716427217375646,1.121232221873781]}
1	{"geodesic":false,"type":"Point","coordinates":[34.681392921294986,1.2292995505533593]}
1	{"geodesic":false,"type":"Point","coordinates":[34.70591692855145,1.1446782507893003]}
1	{"geodesic":false,"type":"Point","coordinates":[34.70915086357428,1.1597699475625083]}
1	{"geodesic":false,"type":"Point","coordinates":[34.73205790331933,1.1444087562040646]}
1	{"geodesic":false,"type":"Point","coordinates":[34.72855447371126,1.199655146177415]}
1	{"geodesic":false,"type":"Point","coordinates":[34.83284887819754,1.11153041680529]}
1	{"geodesic":false,"type":"Point","coordinates":[34.726398517029374,1.1611174204886876]}
1	{"geodesic":false,"type":"Point","coordinates":[34.760354834769096,1.1654293338524613]}
1	{"geodesic":false,"type":"Point","coordinates":[34.71346277693805,1.1031760846629786]}
2	{"geodesic":false,"type":"Point","coordinates":[34.848479564141215,1.125005146067083]}
2	{"geodesic":false,"type":"Point","coordinates":[34.83284887819754,1.218789261729161]}
2	{"geodesic":false,"type":"Point","coordinates":[34.83365736195324,1.2177112833882175]}
2	{"geodesic":false,"type":"Point","coordinates":[34.72397306576225,1.2379233772809066]}
2	{"geodesic":false,"type":"Point","coordinates":[34.73906476253546,1.134437456550338]}
2	{"geodesic":false,"type":"Point","coordinates":[34.850905015408344,1.2042365541264246]}
2	{"geodesic":false,"type":"Point","coordinates":[34.714001766108524,1.24681669859369]}
2	{"geodesic":false,"type":"Point","coordinates":[34.83392685653848,1.1837549656484996]}
2	{"geodesic":false,"type":"Point","coordinates":[34.724512054932724,1.2349589368433123]}
2	{"geodesic":false,"type":"Point","coordinates":[34.788921260804095,1.198038178666]}
2	{"geodesic":false,"type":"Point","coordinates":[34.71507974444947,1.2325334855761896]}
2	{"geodesic":false,"type":"Point","coordinates":[34.85171349916405,1.205584027052604]}
2	{"geodesic":false,"type":"Point","coordinates":[34.84767108038551,1.1198847489476016]}
2	{"geodesic":false,"type":"Point","coordinates":[34.72397306576225,1.2266046047010006]}
2	{"geodesic":false,"type":"Point","coordinates":[34.840394726584144,1.1665073121934046]}
2	{"geodesic":false,"type":"Point","coordinates":[34.72666801161461,1.2365759043547275]}
2	{"geodesic":false,"type":"Point","coordinates":[34.83284887819754,1.1533020775168479]}
2	{"geodesic":false,"type":"Point","coordinates":[34.84578461828886,1.125005146067083]}
2	{"geodesic":false,"type":"Point","coordinates":[34.724512054932724,1.239270850207086]}
2	{"geodesic":false,"type":"Point","coordinates":[34.708342379818575,1.2422352906446803]}
2	{"geodesic":false,"type":"Point","coordinates":[34.82665050273712,1.2214842075815195]}
2	{"geodesic":false,"type":"Point","coordinates":[34.82099111644716,1.1727056876538295]}
2	{"geodesic":false,"type":"Point","coordinates":[34.850635520823104,1.128778070260385]}
2	{"geodesic":false,"type":"Point","coordinates":[34.714810249864236,1.2570574928326526]}
2	{"geodesic":false,"type":"Point","coordinates":[34.852791477504994,1.2058535216378399]}
2	{"geodesic":false,"type":"Point","coordinates":[34.84901855331169,1.1805210306256693]}
2	{"geodesic":false,"type":"Point","coordinates":[34.68893876968159,1.2519370957131712]}
2	{"geodesic":false,"type":"Point","coordinates":[34.84821006955598,1.1201542435328373]}
2	{"geodesic":false,"type":"Point","coordinates":[34.838508264487494,1.139827348255055]}
2	{"geodesic":false,"type":"Point","coordinates":[34.70456945562527,1.2462777094232182]}
2	{"geodesic":false,"type":"Point","coordinates":[34.84174219951032,1.169741247216235]}
2	{"geodesic":false,"type":"Point","coordinates":[34.81640970849815,1.237384388110435]}
2	{"geodesic":false,"type":"Point","coordinates":[34.714271260693764,1.2473556877641616]}
2	{"geodesic":false,"type":"Point","coordinates":[34.813714762645795,1.226335110115765]}
2	{"geodesic":false,"type":"Point","coordinates":[34.84551512370362,1.1252746406523186]}
2	{"geodesic":false,"type":"Point","coordinates":[34.84605411287409,1.124735651481847]}
2	{"geodesic":false,"type":"Point","coordinates":[34.815331730157205,1.2252571317748215]}
2	{"geodesic":false,"type":"Point","coordinates":[34.828806459419,1.2575964820031242]}
2	{"geodesic":false,"type":"Point","coordinates":[34.82341656771428,1.2360369151842556]}
2	{"geodesic":false,"type":"Point","coordinates":[34.69028624260777,1.2519370957131712]}
2	{"geodesic":false,"type":"Point","coordinates":[34.714271260693764,1.237653882695671]}
2	{"geodesic":false,"type":"Point","coordinates":[34.85117450999358,1.103984568418686]}
2	{"geodesic":false,"type":"Point","coordinates":[34.7078033906481,1.2363064097694916]}
2	{"geodesic":false,"type":"Point","coordinates":[34.725051044103196,1.239270850207086]}
2	{"geodesic":false,"type":"Point","coordinates":[34.732866387075035,1.243043774400388]}
2	{"geodesic":false,"type":"Point","coordinates":[34.817487686839094,1.2363064097694916]}
2	{"geodesic":false,"type":"Point","coordinates":[34.85791187462447,1.1317425106979793]}
2	{"geodesic":false,"type":"Point","coordinates":[34.81883515976527,1.2344199476728406]}
2	{"geodesic":false,"type":"Point","coordinates":[34.8430896724365,1.2107044241720852]}
2	{"geodesic":false,"type":"Point","coordinates":[34.708342379818575,1.241157312303737]}
2	{"geodesic":false,"type":"Point","coordinates":[34.83069292151565,1.1710887201424143]}
2	{"geodesic":false,"type":"Point","coordinates":[34.687321802170175,1.2546320415655299]}
2	{"geodesic":false,"type":"Point","coordinates":[34.81236728971961,1.156805507124914]}
2	{"geodesic":false,"type":"Point","coordinates":[34.817757181424334,1.2384623664513785]}
2	{"geodesic":false,"type":"Point","coordinates":[34.852521982919754,1.104254063003922]}
2	{"geodesic":false,"type":"Point","coordinates":[34.85009653165263,1.1241966623113753]}
2	{"geodesic":false,"type":"Point","coordinates":[34.74768858926301,1.1481816803973666]}
2	{"geodesic":false,"type":"Point","coordinates":[34.82907595400424,1.1613869150739236]}
2	{"geodesic":false,"type":"Point","coordinates":[34.857103390868765,1.1365934132322246]}
2	{"geodesic":false,"type":"Point","coordinates":[34.836352307805605,1.2276825830419442]}
2	{"geodesic":false,"type":"Point","coordinates":[34.82045212727669,1.2098959404163776]}
2	{"geodesic":false,"type":"Point","coordinates":[34.84821006955598,1.181329514381377]}
2	{"geodesic":false,"type":"Point","coordinates":[34.852521982919754,1.1045235575891577]}
2	{"geodesic":false,"type":"Point","coordinates":[34.83769978073178,1.2179807779734533]}
2	{"geodesic":false,"type":"Point","coordinates":[34.85036602623787,1.103984568418686]}
2	{"geodesic":false,"type":"Point","coordinates":[34.82476404064046,1.278617059651521]}
2	{"geodesic":false,"type":"Point","coordinates":[34.85575591794259,1.1277000919194413]}
2	{"geodesic":false,"type":"Point","coordinates":[34.859259347550655,1.1010201279810916]}
2	{"geodesic":false,"type":"Point","coordinates":[34.842550683266026,1.2101654350016136]}
2	{"geodesic":false,"type":"Point","coordinates":[34.7258595278589,1.113416878901941]}
2	{"geodesic":false,"type":"Point","coordinates":[34.813714762645795,1.2239096588486422]}
2	{"geodesic":false,"type":"Point","coordinates":[34.82099111644716,1.273227167946804]}
2	{"geodesic":false,"type":"Point","coordinates":[34.84955754248216,1.1053320413448653]}
2	{"geodesic":false,"type":"Point","coordinates":[34.69459815597155,1.2522065902984072]}
2	{"geodesic":false,"type":"Point","coordinates":[34.840933715754616,1.1581529800510932]}
2	{"geodesic":false,"type":"Point","coordinates":[34.85009653165263,1.1047930521743936]}
2	{"geodesic":false,"type":"Point","coordinates":[34.848749058726455,1.1236576731409036]}
2	{"geodesic":false,"type":"Point","coordinates":[34.84632360745933,1.1875278898418016]}
2	{"geodesic":false,"type":"Point","coordinates":[34.72100862532466,1.2309165180647745]}
2	{"geodesic":false,"type":"Point","coordinates":[34.84174219951032,1.2080094783197266]}
2	{"geodesic":false,"type":"Point","coordinates":[34.712384798597114,1.10048113881062]}
2	{"geodesic":false,"type":"Point","coordinates":[34.857103390868765,1.203697564955953]}
2	{"geodesic":false,"type":"Point","coordinates":[34.82530302981093,1.2681067708273226]}
2	{"geodesic":false,"type":"Point","coordinates":[34.72181710908036,1.1196152543623656]}
2	{"geodesic":false,"type":"Point","coordinates":[34.82260808395858,1.2349589368433123]}
2	{"geodesic":false,"type":"Point","coordinates":[34.735022343756924,1.2384623664513785]}
2	{"geodesic":false,"type":"Point","coordinates":[34.844976134533155,1.1239271677261393]}
2	{"geodesic":false,"type":"Point","coordinates":[34.84201169409556,1.1101829438791107]}
2	{"geodesic":false,"type":"Point","coordinates":[34.85764238003924,1.2010026191035943]}
2	{"geodesic":false,"type":"Point","coordinates":[34.71939165781324,1.2309165180647745]}
2	{"geodesic":false,"type":"Point","coordinates":[34.85009653165263,1.1239271677261393]}
2	{"geodesic":false,"type":"Point","coordinates":[34.716696711960886,1.2352284314285482]}
2	{"geodesic":false,"type":"Point","coordinates":[34.747419094677774,1.1611174204886876]}
2	{"geodesic":false,"type":"Point","coordinates":[34.81883515976527,1.2303775288943026]}
2	{"geodesic":false,"type":"Point","coordinates":[34.72424256034749,1.2257961209452932]}
2	{"geodesic":false,"type":"Point","coordinates":[34.83716079156131,1.1686632688752916]}
2	{"geodesic":false,"type":"Point","coordinates":[34.848749058726455,1.102098106322035]}
2	{"geodesic":false,"type":"Point","coordinates":[34.68705230758494,1.2578659765883602]}
2	{"geodesic":false,"type":"Point","coordinates":[34.81479274098674,1.2549015361507656]}
2	{"geodesic":false,"type":"Point","coordinates":[34.69082523177824,1.252476084883643]}
3	{"geodesic":false,"type":"Point","coordinates":[34.83311837278278,1.14144431576647]}
3	{"geodesic":false,"type":"Point","coordinates":[34.842550683266026,1.1896838465236883]}
3	{"geodesic":false,"type":"Point","coordinates":[34.84120321033985,1.2212147129962836]}
3	{"geodesic":false,"type":"Point","coordinates":[34.81964364352098,1.1487206695678382]}
3	{"geodesic":false,"type":"Point","coordinates":[34.7792194557356,1.1309340269422716]}
3	{"geodesic":false,"type":"Point","coordinates":[34.79835357128735,1.1368629078174606]}
3	{"geodesic":false,"type":"Point","coordinates":[34.747958083848246,1.2527455794688789]}
3	{"geodesic":false,"type":"Point","coordinates":[34.794580647094044,1.2443912473265673]}
3	{"geodesic":false,"type":"Point","coordinates":[34.82476404064046,1.126891608163734]}
3	{"geodesic":false,"type":"Point","coordinates":[34.7792194557356,1.1484511749826023]}
3	{"geodesic":false,"type":"Point","coordinates":[34.76062432935433,1.2101654350016136]}
3	{"geodesic":false,"type":"Point","coordinates":[34.72963245205221,1.2549015361507656]}
3	{"geodesic":false,"type":"Point","coordinates":[34.759815845598624,1.2309165180647745]}
3	{"geodesic":false,"type":"Point","coordinates":[34.755773426820085,1.261908395366898]}
3	{"geodesic":false,"type":"Point","coordinates":[34.6972931018239,1.263525362878313]}
3	{"geodesic":false,"type":"Point","coordinates":[34.84335916702174,1.263794857463549]}
3	{"geodesic":false,"type":"Point","coordinates":[34.84928804789693,1.134437456550338]}
3	{"geodesic":false,"type":"Point","coordinates":[34.84901855331169,1.14925965873831]}
3	{"geodesic":false,"type":"Point","coordinates":[34.77356006944565,1.119076265191894]}
3	{"geodesic":false,"type":"Point","coordinates":[34.84794057497075,1.2761916083843983]}
3	{"geodesic":false,"type":"Point","coordinates":[34.830423426930416,1.1317425106979793]}
3	{"geodesic":false,"type":"Point","coordinates":[34.70322198269909,1.2513981065426996]}
3	{"geodesic":false,"type":"Point","coordinates":[34.80805537635584,1.117459297680479]}
3	{"geodesic":false,"type":"Point","coordinates":[34.77894996115037,1.1648903446819896]}
3	{"geodesic":false,"type":"Point","coordinates":[34.83500483487943,1.2403488285480293]}
3	{"geodesic":false,"type":"Point","coordinates":[34.844976134533155,1.2495116444460486]}
3	{"geodesic":false,"type":"Point","coordinates":[34.823955556884755,1.2408878177185012]}
3	{"geodesic":false,"type":"Point","coordinates":[34.83392685653848,1.241157312303737]}
3	{"geodesic":false,"type":"Point","coordinates":[34.815331730157205,1.1010201279810916]}
3	{"geodesic":false,"type":"Point","coordinates":[34.84605411287409,1.154649550443027]}
3	{"geodesic":false,"type":"Point","coordinates":[34.76897866149664,1.2023500920297736]}
3	{"geodesic":false,"type":"Point","coordinates":[34.788651766218855,1.154649550443027]}
3	{"geodesic":false,"type":"Point","coordinates":[34.78514833661079,1.1616564096591593]}
3	{"geodesic":false,"type":"Point","coordinates":[34.85791187462447,1.1894143519384526]}
3	{"geodesic":false,"type":"Point","coordinates":[34.774368553201356,1.1762091172618956]}
3	{"geodesic":false,"type":"Point","coordinates":[34.794850141679284,1.241426806888973]}
3	{"geodesic":false,"type":"Point","coordinates":[34.7363698166831,1.2664898033159075]}
3	{"geodesic":false,"type":"Point","coordinates":[34.72370357117702,1.2656813195602]}
3	{"geodesic":false,"type":"Point","coordinates":[34.79889256045782,1.1409053265959983]}
3	{"geodesic":false,"type":"Point","coordinates":[34.74661061092206,1.2557100199064732]}
3	{"geodesic":false,"type":"Point","coordinates":[34.75900736184291,1.2764611029696342]}
3	{"geodesic":false,"type":"Point","coordinates":[34.85117450999358,1.203697564955953]}
3	{"geodesic":false,"type":"Point","coordinates":[34.83150140527136,1.2080094783197266]}
3	{"geodesic":false,"type":"Point","coordinates":[34.78541783119603,1.2759221137991625]}
3	{"geodesic":false,"type":"Point","coordinates":[34.74876656760395,1.275113630043455]}
3	{"geodesic":false,"type":"Point","coordinates":[34.77760248822419,1.201541608274066]}
3	{"geodesic":false,"type":"Point","coordinates":[34.722625592836074,1.2567879982474166]}
3	{"geodesic":false,"type":"Point","coordinates":[34.79889256045782,1.1112609222200542]}
3	{"geodesic":false,"type":"Point","coordinates":[34.83689129697608,1.2522065902984072]}
3	{"geodesic":false,"type":"Point","coordinates":[34.782183896173194,1.1374018969879323]}
3	{"geodesic":false,"type":"Point","coordinates":[34.74472414882541,1.271340705850153]}
3	{"geodesic":false,"type":"Point","coordinates":[34.815601224742444,1.2406183231332653]}
3	{"geodesic":false,"type":"Point","coordinates":[34.75119201887107,1.2522065902984072]}
3	{"geodesic":false,"type":"Point","coordinates":[34.82260808395858,1.260021933270247]}
3	{"geodesic":false,"type":"Point","coordinates":[34.77679400446848,1.254362546980294]}
3	{"geodesic":false,"type":"Point","coordinates":[34.821799600202866,1.1921092977908112]}
3	{"geodesic":false,"type":"Point","coordinates":[34.84901855331169,1.2403488285480293]}
3	{"geodesic":false,"type":"Point","coordinates":[34.85413895043117,1.1522240991759043]}
3	{"geodesic":false,"type":"Point","coordinates":[34.827997975663294,1.1293170594308566]}
3	{"geodesic":false,"type":"Point","coordinates":[34.81614021391292,1.115303340998592]}
3	{"geodesic":false,"type":"Point","coordinates":[34.840394726584144,1.160578431318216]}
3	{"geodesic":false,"type":"Point","coordinates":[34.79889256045782,1.1972296949102923]}
3	{"geodesic":false,"type":"Point","coordinates":[34.79215519582692,1.231725001820482]}
3	{"geodesic":false,"type":"Point","coordinates":[34.78946024997457,1.1320120052832152]}
3	{"geodesic":false,"type":"Point","coordinates":[34.78838227163362,1.1241966623113753]}
3	{"geodesic":false,"type":"Point","coordinates":[34.78407035826985,1.2352284314285482]}
3	{"geodesic":false,"type":"Point","coordinates":[34.790807722900745,1.2384623664513785]}
3	{"geodesic":false,"type":"Point","coordinates":[34.83015393234518,1.1732446768243012]}
3	{"geodesic":false,"type":"Point","coordinates":[34.80374346299207,1.1441392616188286]}
3	{"geodesic":false,"type":"Point","coordinates":[34.82449454605523,1.1826769873075562]}
3	{"geodesic":false,"type":"Point","coordinates":[34.77140411276376,1.241426806888973]}
3	{"geodesic":false,"type":"Point","coordinates":[34.794850141679284,1.181060019796141]}
3	{"geodesic":false,"type":"Point","coordinates":[34.842550683266026,1.2427742798151522]}
3	{"geodesic":false,"type":"Point","coordinates":[34.811558805963905,1.2513981065426996]}
3	{"geodesic":false,"type":"Point","coordinates":[34.85818136920971,1.2489726552755769]}
3	{"geodesic":false,"type":"Point","coordinates":[34.85413895043117,1.1347069511355736]}
3	{"geodesic":false,"type":"Point","coordinates":[34.81640970849815,1.1465647128859513]}
3	{"geodesic":false,"type":"Point","coordinates":[34.85440844501641,1.1988466624217076]}
3	{"geodesic":false,"type":"Point","coordinates":[34.732866387075035,1.120962727288545]}
3	{"geodesic":false,"type":"Point","coordinates":[34.85467793960164,1.1627343880001026]}
3	{"geodesic":false,"type":"Point","coordinates":[34.800240033384,1.2718796950206246]}
3	{"geodesic":false,"type":"Point","coordinates":[34.771673607349,1.102098106322035]}
3	{"geodesic":false,"type":"Point","coordinates":[34.83581331863513,1.213129875439208]}
3	{"geodesic":false,"type":"Point","coordinates":[34.76170230769527,1.1807905252109052]}
3	{"geodesic":false,"type":"Point","coordinates":[34.85386945584594,1.1613869150739236]}
3	{"geodesic":false,"type":"Point","coordinates":[34.82530302981093,1.2136688646096796]}
3	{"geodesic":false,"type":"Point","coordinates":[34.834465845708955,1.2023500920297736]}
3	{"geodesic":false,"type":"Point","coordinates":[34.78002793949131,1.1993856515921792]}
3	{"geodesic":false,"type":"Point","coordinates":[34.81587071932768,1.1223102002147243]}
3	{"geodesic":false,"type":"Point","coordinates":[34.840664221169376,1.2061230162230756]}
3	{"geodesic":false,"type":"Point","coordinates":[34.782183896173194,1.2608304170259546]}
3	{"geodesic":false,"type":"Point","coordinates":[34.76655321022952,1.1142253626576486]}
3	{"geodesic":false,"type":"Point","coordinates":[34.813714762645795,1.111799911390526]}
3	{"geodesic":false,"type":"Point","coordinates":[34.75658191057579,1.2142078537801513]}
3	{"geodesic":false,"type":"Point","coordinates":[34.84767108038551,1.2271435938714725]}
3	{"geodesic":false,"type":"Point","coordinates":[34.77032613442282,1.2322639909909536]}
3	{"geodesic":false,"type":"Point","coordinates":[34.73610032209787,1.271340705850153]}
3	{"geodesic":false,"type":"Point","coordinates":[34.743376675899235,1.233611463917133]}
3	{"geodesic":false,"type":"Point","coordinates":[34.77679400446848,1.2443912473265673]}
3	{"geodesic":false,"type":"Point","coordinates":[34.7573903943315,1.256249009076945]}
3	{"geodesic":false,"type":"Point","coordinates":[34.823955556884755,1.2578659765883602]}
3	{"geodesic":false,"type":"Point","coordinates":[34.84362866160697,1.1037150738334502]}
3	{"geodesic":false,"type":"Point","coordinates":[34.74445465424018,1.2247181426043496]}
3	{"geodesic":false,"type":"Point","coordinates":[34.81856566518004,1.1592309583920366]}
3	{"geodesic":false,"type":"Point","coordinates":[34.85575591794259,1.231994496405718]}
3	{"geodesic":false,"type":"Point","coordinates":[34.741220719217345,1.241426806888973]}
3	{"geodesic":false,"type":"Point","coordinates":[34.81667920308339,1.1330899836241586]}
3	{"geodesic":false,"type":"Point","coordinates":[34.79619761460546,1.1109914276348183]}
3	{"geodesic":false,"type":"Point","coordinates":[34.73852577336499,1.2433132689856239]}
3	{"geodesic":false,"type":"Point","coordinates":[34.725051044103196,1.2597524386850112]}
3	{"geodesic":false,"type":"Point","coordinates":[34.71130682025617,1.2605609224407186]}
3	{"geodesic":false,"type":"Point","coordinates":[34.743107181313995,1.2689152545830302]}
3	{"geodesic":false,"type":"Point","coordinates":[34.77059562900806,1.2522065902984072]}
3	{"geodesic":false,"type":"Point","coordinates":[34.85467793960164,1.2311860126500103]}
3	{"geodesic":false,"type":"Point","coordinates":[34.82314707312905,1.1751311389209522]}
3	{"geodesic":false,"type":"Point","coordinates":[34.739603751705936,1.2306470234795386]}
3	{"geodesic":false,"type":"Point","coordinates":[34.819374148935744,1.2306470234795386]}
3	{"geodesic":false,"type":"Point","coordinates":[34.770056639837584,1.2322639909909536]}
3	{"geodesic":false,"type":"Point","coordinates":[34.70133552060244,1.2681067708273226]}
3	{"geodesic":false,"type":"Point","coordinates":[34.817757181424334,1.188605868182745]}
3	{"geodesic":false,"type":"Point","coordinates":[34.73610032209787,1.2721491896058605]}
3	{"geodesic":false,"type":"Point","coordinates":[34.84632360745933,1.197768684080764]}
3	{"geodesic":false,"type":"Point","coordinates":[34.79997053879877,1.1220407056294883]}
3	{"geodesic":false,"type":"Point","coordinates":[34.83769978073178,1.190492330279396]}
3	{"geodesic":false,"type":"Point","coordinates":[34.77490754237183,1.1029065900777426]}
3	{"geodesic":false,"type":"Point","coordinates":[34.790807722900745,1.2513981065426996]}
3	{"geodesic":false,"type":"Point","coordinates":[34.801048517139705,1.1972296949102923]}
3	{"geodesic":false,"type":"Point","coordinates":[34.81721819225386,1.1694717526309992]}
3	{"geodesic":false,"type":"Point","coordinates":[34.792694184997394,1.272957673361568]}
3	{"geodesic":false,"type":"Point","coordinates":[34.735022343756924,1.2481641715198692]}
3	{"geodesic":false,"type":"Point","coordinates":[34.83284887819754,1.1037150738334502]}
3	{"geodesic":false,"type":"Point","coordinates":[34.85548642335735,1.1220407056294883]}
3	{"geodesic":false,"type":"Point","coordinates":[34.7401427408764,1.2697237383387379]}
3	{"geodesic":false,"type":"Point","coordinates":[34.77302108027518,1.177287095602839]}
3	{"geodesic":false,"type":"Point","coordinates":[34.79754508753164,1.2538235578098222]}
3	{"geodesic":false,"type":"Point","coordinates":[34.79377216333834,1.135784929476517]}
3	{"geodesic":false,"type":"Point","coordinates":[34.72936295746697,1.2734966625320399]}
3	{"geodesic":false,"type":"Point","coordinates":[34.780566928661784,1.150876626249725]}
3	{"geodesic":false,"type":"Point","coordinates":[34.79134671207122,1.2306470234795386]}
3	{"geodesic":false,"type":"Point","coordinates":[34.83689129697608,1.1142253626576486]}
3	{"geodesic":false,"type":"Point","coordinates":[34.774368553201356,1.194265254472698]}
3	{"geodesic":false,"type":"Point","coordinates":[34.79700609836117,1.2557100199064732]}
3	{"geodesic":false,"type":"Point","coordinates":[34.82045212727669,1.260021933270247]}
3	{"geodesic":false,"type":"Point","coordinates":[34.79188570124169,1.2508591173722279]}
3	{"geodesic":false,"type":"Point","coordinates":[34.77409905861612,1.2708017166796812]}
3	{"geodesic":false,"type":"Point","coordinates":[34.75819887808721,1.109913449293875]}
3	{"geodesic":false,"type":"Point","coordinates":[34.77221259651947,1.2274130884567083]}
3	{"geodesic":false,"type":"Point","coordinates":[34.821799600202866,1.177287095602839]}
3	{"geodesic":false,"type":"Point","coordinates":[34.78622631495173,1.2756526192139266]}
3	{"geodesic":false,"type":"Point","coordinates":[34.805899419673956,1.265411824974964]}
3	{"geodesic":false,"type":"Point","coordinates":[34.85683389628353,1.196151716569349]}
3	{"geodesic":false,"type":"Point","coordinates":[34.78407035826985,1.1632733771705746]}
3	{"geodesic":false,"type":"Point","coordinates":[34.84578461828886,1.1446782507893003]}
3	{"geodesic":false,"type":"Point","coordinates":[34.79565862543499,1.2627168791226056]}
3	{"geodesic":false,"type":"Point","coordinates":[34.82665050273712,1.2010026191035943]}
3	{"geodesic":false,"type":"Point","coordinates":[34.85198299374928,1.2516676011279353]}
3	{"geodesic":false,"type":"Point","coordinates":[34.805899419673956,1.205584027052604]}
3	{"geodesic":false,"type":"Point","coordinates":[34.8535999612607,1.2171722942177459]}
3	{"geodesic":false,"type":"Point","coordinates":[34.82665050273712,1.21690279963251]}
3	{"geodesic":false,"type":"Point","coordinates":[34.8355438240499,1.1010201279810916]}
3	{"geodesic":false,"type":"Point","coordinates":[34.784339852855084,1.2575964820031242]}
3	{"geodesic":false,"type":"Point","coordinates":[34.76870916691141,1.143600272448357]}
3	{"geodesic":false,"type":"Point","coordinates":[34.83608281322037,1.209356951245906]}
3	{"geodesic":false,"type":"Point","coordinates":[34.69944905850579,1.256249009076945]}
3	{"geodesic":false,"type":"Point","coordinates":[34.743376675899235,1.214746842950623]}
3	{"geodesic":false,"type":"Point","coordinates":[34.8498270370674,1.2632558682930772]}
3	{"geodesic":false,"type":"Point","coordinates":[34.79781458211688,1.1465647128859513]}
3	{"geodesic":false,"type":"Point","coordinates":[34.80805537635584,1.2605609224407186]}
3	{"geodesic":false,"type":"Point","coordinates":[34.844706639947916,1.145486734545008]}
3	{"geodesic":false,"type":"Point","coordinates":[34.759546351013384,1.185102438574679]}
3	{"geodesic":false,"type":"Point","coordinates":[34.70915086357428,1.2557100199064732]}
3	{"geodesic":false,"type":"Point","coordinates":[34.75119201887107,1.2796950379924645]}
3	{"geodesic":false,"type":"Point","coordinates":[34.76062432935433,1.1805210306256693]}
3	{"geodesic":false,"type":"Point","coordinates":[34.78353136909938,1.2023500920297736]}
3	{"geodesic":false,"type":"Point","coordinates":[34.792694184997394,1.181060019796141]}
3	{"geodesic":false,"type":"Point","coordinates":[34.81048082762296,1.173783665994773]}
3	{"geodesic":false,"type":"Point","coordinates":[34.80239599006589,1.1403663374255266]}
3	{"geodesic":false,"type":"Point","coordinates":[34.782992379928906,1.1705497309719426]}
3	{"geodesic":false,"type":"Point","coordinates":[34.77975844490607,1.1654293338524613]}
3	{"geodesic":false,"type":"Point","coordinates":[34.78730429329268,1.1627343880001026]}
3	{"geodesic":false,"type":"Point","coordinates":[34.83769978073178,1.1751311389209522]}
3	{"geodesic":false,"type":"Point","coordinates":[34.83581331863513,1.13821038074364]}
3	{"geodesic":false,"type":"Point","coordinates":[34.84632360745933,1.2268740992862366]}
3	{"geodesic":false,"type":"Point","coordinates":[34.83608281322037,1.2535540632245863]}
3	{"geodesic":false,"type":"Point","coordinates":[34.82449454605523,1.1274305973342056]}
3	{"geodesic":false,"type":"Point","coordinates":[34.77894996115037,1.248703160690341]}
3	{"geodesic":false,"type":"Point","coordinates":[34.776524509883245,1.2495116444460486]}
3	{"geodesic":false,"type":"Point","coordinates":[34.85952884213589,1.1673157959491123]}
3	{"geodesic":false,"type":"Point","coordinates":[34.774638047786596,1.2597524386850112]}
3	{"geodesic":false,"type":"Point","coordinates":[34.786765304122206,1.2629863737078413]}
3	{"geodesic":false,"type":"Point","coordinates":[34.801048517139705,1.2381928718661426]}
3	{"geodesic":false,"type":"Point","coordinates":[34.79404165792358,1.1689327634605275]}
3	{"geodesic":false,"type":"Point","coordinates":[34.806977398014894,1.1252746406523186]}
3	{"geodesic":false,"type":"Point","coordinates":[34.77787198280942,1.2441217527413313]}
3	{"geodesic":false,"type":"Point","coordinates":[34.77059562900806,1.2001941353478869]}
3	{"geodesic":false,"type":"Point","coordinates":[34.771673607349,1.2516676011279353]}
3	{"geodesic":false,"type":"Point","coordinates":[34.84524562911839,1.2190587563143966]}
3	{"geodesic":false,"type":"Point","coordinates":[34.80482144133301,1.2643338466340206]}
3	{"geodesic":false,"type":"Point","coordinates":[34.77490754237183,1.1204237381180733]}
3	{"geodesic":false,"type":"Point","coordinates":[34.74095122463211,1.2503201282017562]}
3	{"geodesic":false,"type":"Point","coordinates":[34.78164490700273,1.2031585757854812]}
3	{"geodesic":false,"type":"Point","coordinates":[34.792694184997394,1.2306470234795386]}
3	{"geodesic":false,"type":"Point","coordinates":[34.768170177740934,1.1179982868509506]}
3	{"geodesic":false,"type":"Point","coordinates":[34.80293497923636,1.1875278898418016]}
3	{"geodesic":false,"type":"Point","coordinates":[34.857103390868765,1.123118683970432]}
3	{"geodesic":false,"type":"Point","coordinates":[34.78380086368461,1.2503201282017562]}
3	{"geodesic":false,"type":"Point","coordinates":[34.80994183845249,1.1314730161127433]}
3	{"geodesic":false,"type":"Point","coordinates":[34.78730429329268,1.173514171409537]}
3	{"geodesic":false,"type":"Point","coordinates":[34.75307848096772,1.2371148935251992]}
3	{"geodesic":false,"type":"Point","coordinates":[34.81425375181627,1.212860380853972]}
3	{"geodesic":false,"type":"Point","coordinates":[34.79134671207122,1.2667592979011433]}
3	{"geodesic":false,"type":"Point","coordinates":[34.764127758962395,1.11153041680529]}
3	{"geodesic":false,"type":"Point","coordinates":[34.78919075538933,1.252476084883643]}
3	{"geodesic":false,"type":"Point","coordinates":[34.76520573730334,1.2346894422580765]}
3	{"geodesic":false,"type":"Point","coordinates":[34.81048082762296,1.1689327634605275]}
3	{"geodesic":false,"type":"Point","coordinates":[34.82260808395858,1.1093744601234032]}
3	{"geodesic":false,"type":"Point","coordinates":[34.76682270481476,1.2190587563143966]}
3	{"geodesic":false,"type":"Point","coordinates":[34.85764238003924,1.167854785119584]}
3	{"geodesic":false,"type":"Point","coordinates":[34.770056639837584,1.2182502725586892]}
3	{"geodesic":false,"type":"Point","coordinates":[34.77329057486041,1.167854785119584]}
3	{"geodesic":false,"type":"Point","coordinates":[34.81290627889008,1.1007506333958557]}
3	{"geodesic":false,"type":"Point","coordinates":[34.78380086368461,1.1010201279810916]}
3	{"geodesic":false,"type":"Point","coordinates":[34.801048517139705,1.151146120834961]}
3	{"geodesic":false,"type":"Point","coordinates":[34.760354834769096,1.2314555072352462]}
3	{"geodesic":false,"type":"Point","coordinates":[34.844976134533155,1.2330724747466613]}
3	{"geodesic":false,"type":"Point","coordinates":[34.79188570124169,1.2573269874178883]}
3	{"geodesic":false,"type":"Point","coordinates":[34.78326187451414,1.2570574928326526]}
3	{"geodesic":false,"type":"Point","coordinates":[34.79161620665645,1.205584027052604]}
3	{"geodesic":false,"type":"Point","coordinates":[34.85656440169829,1.248703160690341]}
3	{"geodesic":false,"type":"Point","coordinates":[34.846862596629805,1.228221572212416]}
3	{"geodesic":false,"type":"Point","coordinates":[34.848479564141215,1.158691969221565]}
3	{"geodesic":false,"type":"Point","coordinates":[34.80562992508872,1.1056015359301012]}
3	{"geodesic":false,"type":"Point","coordinates":[34.80050952796923,1.1479121858121306]}
3	{"geodesic":false,"type":"Point","coordinates":[34.7964671091907,1.2605609224407186]}
3	{"geodesic":false,"type":"Point","coordinates":[34.7754465315423,1.1446782507893003]}
3	{"geodesic":false,"type":"Point","coordinates":[34.73448335458645,1.2629863737078413]}
3	{"geodesic":false,"type":"Point","coordinates":[34.77948895032084,1.1969602003250566]}
3	{"geodesic":false,"type":"Point","coordinates":[34.79431115250881,1.239540344792322]}
3	{"geodesic":false,"type":"Point","coordinates":[34.84551512370362,1.109913449293875]}
3	{"geodesic":false,"type":"Point","coordinates":[34.77679400446848,1.2454692256675106]}
3	{"geodesic":false,"type":"Point","coordinates":[34.79781458211688,1.13821038074364]}
3	{"geodesic":false,"type":"Point","coordinates":[34.7649362427181,1.2101654350016136]}
3	{"geodesic":false,"type":"Point","coordinates":[34.78784328246315,1.2465472040084542]}
3	{"geodesic":false,"type":"Point","coordinates":[34.72370357117702,1.2667592979011433]}
3	{"geodesic":false,"type":"Point","coordinates":[34.85629490711306,1.152763088346376]}
3	{"geodesic":false,"type":"Point","coordinates":[34.77679400446848,1.194265254472698]}
3	{"geodesic":false,"type":"Point","coordinates":[34.795119636264516,1.2271435938714725]}
3	{"geodesic":false,"type":"Point","coordinates":[34.84524562911839,1.2605609224407186]}
3	{"geodesic":false,"type":"Point","coordinates":[34.805090935918244,1.2069314999787832]}
3	{"geodesic":false,"type":"Point","coordinates":[34.805360430503484,1.2702627275092095]}
3	{"geodesic":false,"type":"Point","coordinates":[34.79134671207122,1.145217239959772]}
3	{"geodesic":false,"type":"Point","coordinates":[34.85818136920971,1.1573444962953856]}
3	{"geodesic":false,"type":"Point","coordinates":[34.80185700089542,1.1150338464133562]}
3	{"geodesic":false,"type":"Point","coordinates":[34.85386945584594,1.17917355769949]}
3	{"geodesic":false,"type":"Point","coordinates":[34.840125231998904,1.2058535216378399]}
3	{"geodesic":false,"type":"Point","coordinates":[34.850905015408344,1.1252746406523186]}
3	{"geodesic":false,"type":"Point","coordinates":[34.794580647094044,1.1487206695678382]}
3	{"geodesic":false,"type":"Point","coordinates":[34.79161620665645,1.130664532357036]}
3	{"geodesic":false,"type":"Point","coordinates":[34.81290627889008,1.2667592979011433]}
3	{"geodesic":false,"type":"Point","coordinates":[34.72559003327367,1.2646033412192565]}
3	{"geodesic":false,"type":"Point","coordinates":[34.788651766218855,1.1578834854658573]}
3	{"geodesic":false,"type":"Point","coordinates":[34.77598552071277,1.102367600907271]}
3	{"geodesic":false,"type":"Point","coordinates":[34.784878842025556,1.2656813195602]}
3	{"geodesic":false,"type":"Point","coordinates":[34.774638047786596,1.1988466624217076]}
3	{"geodesic":false,"type":"Point","coordinates":[34.78622631495173,1.1403663374255266]}
3	{"geodesic":false,"type":"Point","coordinates":[34.77787198280942,1.1797125468699616]}
3	{"geodesic":false,"type":"Point","coordinates":[34.782453390758434,1.2287605613828876]}
3	{"geodesic":false,"type":"Point","coordinates":[34.78919075538933,1.1834854710632636]}
3	{"geodesic":false,"type":"Point","coordinates":[34.79215519582692,1.2284910667976516]}
3	{"geodesic":false,"type":"Point","coordinates":[34.78110591783226,1.2734966625320399]}
3	{"geodesic":false,"type":"Point","coordinates":[34.78946024997457,1.2470861931789259]}
3	{"geodesic":false,"type":"Point","coordinates":[34.75523443764961,1.2605609224407186]}
3	{"geodesic":false,"type":"Point","coordinates":[34.80616891425919,1.263525362878313]}
3	{"geodesic":false,"type":"Point","coordinates":[34.805899419673956,1.137940886158404]}
3	{"geodesic":false,"type":"Point","coordinates":[34.795119636264516,1.2476251823493976]}
3	{"geodesic":false,"type":"Point","coordinates":[34.809402849282016,1.165968323022933]}
3	{"geodesic":false,"type":"Point","coordinates":[34.842820177851266,1.1282390810899132]}
3	{"geodesic":false,"type":"Point","coordinates":[34.806977398014894,1.1317425106979793]}
3	{"geodesic":false,"type":"Point","coordinates":[34.83392685653848,1.103984568418686]}
3	{"geodesic":false,"type":"Point","coordinates":[34.80266548465112,1.265411824974964]}
3	{"geodesic":false,"type":"Point","coordinates":[34.84362866160697,1.263525362878313]}
3	{"geodesic":false,"type":"Point","coordinates":[34.78999923914504,1.2610999116111903]}
3	{"geodesic":false,"type":"Point","coordinates":[34.741220719217345,1.278886554236757]}
3	{"geodesic":false,"type":"Point","coordinates":[34.759546351013384,1.2427742798151522]}
3	{"geodesic":false,"type":"Point","coordinates":[34.82260808395858,1.207470489149255]}
3	{"geodesic":false,"type":"Point","coordinates":[34.79808407670211,1.169741247216235]}
3	{"geodesic":false,"type":"Point","coordinates":[34.80859436552631,1.2085484674901983]}
3	{"geodesic":false,"type":"Point","coordinates":[34.80670790342966,1.1384798753288756]}
3	{"geodesic":false,"type":"Point","coordinates":[34.7897297445598,1.2020805974445379]}
3	{"geodesic":false,"type":"Point","coordinates":[34.79026873373027,1.1365934132322246]}
3	{"geodesic":false,"type":"Point","coordinates":[34.85602541252782,1.2419657960594446]}
3	{"geodesic":false,"type":"Point","coordinates":[34.846593102044565,1.143330777863121]}
3	{"geodesic":false,"type":"Point","coordinates":[34.78568732578126,1.1964212111545849]}
3	{"geodesic":false,"type":"Point","coordinates":[34.77760248822419,1.1422527995221776]}
3	{"geodesic":false,"type":"Point","coordinates":[34.830423426930416,1.2096264458311419]}
3	{"geodesic":false,"type":"Point","coordinates":[34.84174219951032,1.231725001820482]}
3	{"geodesic":false,"type":"Point","coordinates":[34.81667920308339,1.2257961209452932]}
3	{"geodesic":false,"type":"Point","coordinates":[34.83877775907273,1.1966907057398206]}
3	{"geodesic":false,"type":"Point","coordinates":[34.76655321022952,1.2484336661051052]}
3	{"geodesic":false,"type":"Point","coordinates":[34.79053822831551,1.17917355769949]}
4	{"geodesic":false,"type":"Point","coordinates":[34.80805537635584,1.2144773483653872]}
4	{"geodesic":false,"type":"Point","coordinates":[34.807785881770606,1.2142078537801513]}
4	{"geodesic":false,"type":"Point","coordinates":[34.807785881770606,1.214746842950623]}
4	{"geodesic":false,"type":"Point","coordinates":[34.77706349905372,1.2098959404163776]}
4	{"geodesic":false,"type":"Point","coordinates":[34.842820177851266,1.2513981065426996]}
4	{"geodesic":false,"type":"Point","coordinates":[34.84443714536268,1.2522065902984072]}
4	{"geodesic":false,"type":"Point","coordinates":[34.84928804789693,1.24681669859369]}
4	{"geodesic":false,"type":"Point","coordinates":[34.776524509883245,1.2096264458311419]}
4	{"geodesic":false,"type":"Point","coordinates":[34.84335916702174,1.2522065902984072]}
4	{"geodesic":false,"type":"Point","coordinates":[34.80805537635584,1.214746842950623]}
4	{"geodesic":false,"type":"Point","coordinates":[34.84362866160697,1.2522065902984072]}
4	{"geodesic":false,"type":"Point","coordinates":[34.84362866160697,1.2516676011279353]}
4	{"geodesic":false,"type":"Point","coordinates":[34.84389815619221,1.2516676011279353]}
4	{"geodesic":false,"type":"Point","coordinates":[34.84928804789693,1.2470861931789259]}
4	{"geodesic":false,"type":"Point","coordinates":[34.84901855331169,1.2470861931789259]}
4	{"geodesic":false,"type":"Point","coordinates":[34.8430896724365,1.2519370957131712]}
4	{"geodesic":false,"type":"Point","coordinates":[34.7754465315423,1.209356951245906]}
4	{"geodesic":false,"type":"Point","coordinates":[34.84228118868079,1.2519370957131712]}
4	{"geodesic":false,"type":"Point","coordinates":[34.77679400446848,1.2098959404163776]}
4	{"geodesic":false,"type":"Point","coordinates":[34.807785881770606,1.2144773483653872]}
4	{"geodesic":false,"type":"Point","coordinates":[34.84389815619221,1.2519370957131712]}
4	{"geodesic":false,"type":"Point","coordinates":[34.84416765077744,1.2519370957131712]}
4	{"geodesic":false,"type":"Point","coordinates":[34.84362866160697,1.2519370957131712]}
4	{"geodesic":false,"type":"Point","coordinates":[34.77517703695707,1.20908745666067]}
4	{"geodesic":false,"type":"Point","coordinates":[34.842820177851266,1.2516676011279353]}
4	{"geodesic":false,"type":"Point","coordinates":[34.84416765077744,1.2516676011279353]}
4	{"geodesic":false,"type":"Point","coordinates":[34.842550683266026,1.2516676011279353]}
4	{"geodesic":false,"type":"Point","coordinates":[34.77571602612754,1.209356951245906]}
5	{"geodesic":false,"type":"Point","coordinates":[34.77409905861612,1.2133993700244439]}
5	{"geodesic":false,"type":"Point","coordinates":[34.85171349916405,1.1026370954925067]}
5	{"geodesic":false,"type":"Point","coordinates":[34.83796927531702,1.1856414277451506]}
5	{"geodesic":false,"type":"Point","coordinates":[34.774368553201356,1.212860380853972]}
5	{"geodesic":false,"type":"Point","coordinates":[34.799162055043055,1.2098959404163776]}
5	{"geodesic":false,"type":"Point","coordinates":[34.83500483487943,1.130664532357036]}
5	{"geodesic":false,"type":"Point","coordinates":[34.84201169409556,1.1683937742900556]}
5	{"geodesic":false,"type":"Point","coordinates":[34.799431549628295,1.2101654350016136]}
5	{"geodesic":false,"type":"Point","coordinates":[34.85198299374928,1.1029065900777426]}
5	{"geodesic":false,"type":"Point","coordinates":[34.77409905861612,1.213129875439208]}
5	{"geodesic":false,"type":"Point","coordinates":[34.84228118868079,1.1683937742900556]}
5	{"geodesic":false,"type":"Point","coordinates":[34.838238769902254,1.1856414277451506]}
5	{"geodesic":false,"type":"Point","coordinates":[34.842550683266026,1.1683937742900556]}
5	{"geodesic":false,"type":"Point","coordinates":[34.774638047786596,1.213129875439208]}
5	{"geodesic":false,"type":"Point","coordinates":[34.83796927531702,1.185102438574679]}
5	{"geodesic":false,"type":"Point","coordinates":[34.84201169409556,1.1686632688752916]}
5	{"geodesic":false,"type":"Point","coordinates":[34.774638047786596,1.212860380853972]}
5	{"geodesic":false,"type":"Point","coordinates":[34.774368553201356,1.2133993700244439]}
5	{"geodesic":false,"type":"Point","coordinates":[34.83608281322037,1.1093744601234032]}
5	{"geodesic":false,"type":"Point","coordinates":[34.83581331863513,1.1093744601234032]}
5	{"geodesic":false,"type":"Point","coordinates":[34.83500483487943,1.1309340269422716]}
5	{"geodesic":false,"type":"Point","coordinates":[34.79889256045782,1.2101654350016136]}
5	{"geodesic":false,"type":"Point","coordinates":[34.79889256045782,1.2098959404163776]}
5	{"geodesic":false,"type":"Point","coordinates":[34.83581331863513,1.109643954708639]}
5	{"geodesic":false,"type":"Point","coordinates":[34.799162055043055,1.2101654350016136]}
5	{"geodesic":false,"type":"Point","coordinates":[34.83796927531702,1.1853719331599146]}
5	{"geodesic":false,"type":"Point","coordinates":[34.83500483487943,1.1303950377718]}
5	{"geodesic":false,"type":"Point","coordinates":[34.838238769902254,1.185102438574679]}
5	{"geodesic":false,"type":"Point","coordinates":[34.85198299374928,1.1026370954925067]}
5	{"geodesic":false,"type":"Point","coordinates":[34.774368553201356,1.213129875439208]}
5	{"geodesic":false,"type":"Point","coordinates":[34.838238769902254,1.1853719331599146]}
5	{"geodesic":false,"type":"Point","coordinates":[34.83769978073178,1.1856414277451506]}
5	{"geodesic":false,"type":"Point","coordinates":[34.799431549628295,1.2098959404163776]}
5	{"geodesic":false,"type":"Point","coordinates":[34.774638047786596,1.2133993700244439]}
5	{"geodesic":false,"type":"Point","coordinates":[34.83500483487943,1.1301255431865642]}
6	{"geodesic":false,"type":"Point","coordinates":[34.80374346299207,1.2284910667976516]}
6	{"geodesic":false,"type":"Point","coordinates":[34.77356006944565,1.2586744603440676]}
6	{"geodesic":false,"type":"Point","coordinates":[34.805090935918244,1.229838539723831]}
6	{"geodesic":false,"type":"Point","coordinates":[34.7355613329274,1.2193282508996326]}
6	{"geodesic":false,"type":"Point","coordinates":[34.77706349905372,1.1595004529772726]}
6	{"geodesic":false,"type":"Point","coordinates":[34.73232739790456,1.2193282508996326]}
6	{"geodesic":false,"type":"Point","coordinates":[34.74175970838782,1.2519370957131712]}
6	{"geodesic":false,"type":"Point","coordinates":[34.820182632691456,1.1974991894955282]}
6	{"geodesic":false,"type":"Point","coordinates":[34.81506223557197,1.1328204890389226]}
6	{"geodesic":false,"type":"Point","coordinates":[34.794580647094044,1.2098959404163776]}
6	{"geodesic":false,"type":"Point","coordinates":[34.788921260804095,1.2718796950206246]}
6	{"geodesic":false,"type":"Point","coordinates":[34.737178300438806,1.2236401642634063]}
6	{"geodesic":false,"type":"Point","coordinates":[34.838238769902254,1.1244661568966112]}
6	{"geodesic":false,"type":"Point","coordinates":[34.80859436552631,1.203428070370717]}
6	{"geodesic":false,"type":"Point","coordinates":[34.795389130849756,1.2686457599977943]}
6	{"geodesic":false,"type":"Point","coordinates":[34.75873786725768,1.2384623664513785]}
6	{"geodesic":false,"type":"Point","coordinates":[34.747419094677774,1.2716102004353889]}
6	{"geodesic":false,"type":"Point","coordinates":[34.73610032209787,1.2726881787763322]}
6	{"geodesic":false,"type":"Point","coordinates":[34.815331730157205,1.1328204890389226]}
6	{"geodesic":false,"type":"Point","coordinates":[34.706455917721925,1.2659508141454359]}
6	{"geodesic":false,"type":"Point","coordinates":[34.8355438240499,1.1317425106979793]}
6	{"geodesic":false,"type":"Point","coordinates":[34.73663931126834,1.2214842075815195]}
6	{"geodesic":false,"type":"Point","coordinates":[34.77706349905372,1.1091049655381673]}
6	{"geodesic":false,"type":"Point","coordinates":[34.83473534029419,1.1320120052832152]}
6	{"geodesic":false,"type":"Point","coordinates":[34.82691999732235,1.1845634494042072]}
6	{"geodesic":false,"type":"Point","coordinates":[34.80428245216254,1.139827348255055]}
6	{"geodesic":false,"type":"Point","coordinates":[34.827997975663294,1.1708192255571785]}
6	{"geodesic":false,"type":"Point","coordinates":[34.73448335458645,1.2217537021667553]}
6	{"geodesic":false,"type":"Point","coordinates":[34.82718949190759,1.1864499115008582]}
6	{"geodesic":false,"type":"Point","coordinates":[34.743107181313995,1.2481641715198692]}
6	{"geodesic":false,"type":"Point","coordinates":[34.794580647094044,1.220675723825812]}
6	{"geodesic":false,"type":"Point","coordinates":[34.778410971979895,1.2662203087306716]}
6	{"geodesic":false,"type":"Point","coordinates":[34.788921260804095,1.1123389005609976]}
6	{"geodesic":false,"type":"Point","coordinates":[34.85602541252782,1.1616564096591593]}
6	{"geodesic":false,"type":"Point","coordinates":[34.77733299363895,1.1600394421477442]}
6	{"geodesic":false,"type":"Point","coordinates":[34.81964364352098,1.198038178666]}
6	{"geodesic":false,"type":"Point","coordinates":[34.735022343756924,1.2195977454848685]}
6	{"geodesic":false,"type":"Point","coordinates":[34.73340537624551,1.2201367346553402]}
6	{"geodesic":false,"type":"Point","coordinates":[34.73340537624551,1.2214842075815195]}
6	{"geodesic":false,"type":"Point","coordinates":[34.776255015298005,1.1710887201424143]}
6	{"geodesic":false,"type":"Point","coordinates":[34.73421386000121,1.2201367346553402]}
6	{"geodesic":false,"type":"Point","coordinates":[34.7115763148414,1.2643338466340206]}
6	{"geodesic":false,"type":"Point","coordinates":[34.734752849171684,1.2195977454848685]}
6	{"geodesic":false,"type":"Point","coordinates":[34.82368606229952,1.1934567707169903]}
6	{"geodesic":false,"type":"Point","coordinates":[34.7573903943315,1.1764786118471315]}
6	{"geodesic":false,"type":"Point","coordinates":[34.75819887808721,1.2794255434072286]}
6	{"geodesic":false,"type":"Point","coordinates":[34.79134671207122,1.2403488285480293]}
6	{"geodesic":false,"type":"Point","coordinates":[34.78946024997457,1.2716102004353889]}
6	{"geodesic":false,"type":"Point","coordinates":[34.81425375181627,1.147103702056423]}
6	{"geodesic":false,"type":"Point","coordinates":[34.81667920308339,1.1988466624217076]}
6	{"geodesic":false,"type":"Point","coordinates":[34.73421386000121,1.2209452184110476]}
6	{"geodesic":false,"type":"Point","coordinates":[34.77706349905372,1.1597699475625083]}
6	{"geodesic":false,"type":"Point","coordinates":[34.8355438240499,1.1309340269422716]}
6	{"geodesic":false,"type":"Point","coordinates":[34.81021133303773,1.2026195866150096]}
6	{"geodesic":false,"type":"Point","coordinates":[34.7363698166831,1.2195977454848685]}
6	{"geodesic":false,"type":"Point","coordinates":[34.852521982919754,1.171627709312886]}
6	{"geodesic":false,"type":"Point","coordinates":[34.81290627889008,1.1298560486013283]}
6	{"geodesic":false,"type":"Point","coordinates":[34.74175970838782,1.2470861931789259]}
6	{"geodesic":false,"type":"Point","coordinates":[34.81101981679343,1.203428070370717]}
6	{"geodesic":false,"type":"Point","coordinates":[34.780297434076545,1.1403663374255266]}
6	{"geodesic":false,"type":"Point","coordinates":[34.732866387075035,1.218519767143925]}
6	{"geodesic":false,"type":"Point","coordinates":[34.795119636264516,1.2209452184110476]}
6	{"geodesic":false,"type":"Point","coordinates":[34.79592812002023,1.2217537021667553]}
6	{"geodesic":false,"type":"Point","coordinates":[34.79404165792358,1.209356951245906]}
6	{"geodesic":false,"type":"Point","coordinates":[34.83123191068612,1.1252746406523186]}
6	{"geodesic":false,"type":"Point","coordinates":[34.772751585689946,1.2470861931789259]}
6	{"geodesic":false,"type":"Point","coordinates":[34.81694869766862,1.1966907057398206]}
6	{"geodesic":false,"type":"Point","coordinates":[34.79026873373027,1.271071211264917]}
6	{"geodesic":false,"type":"Point","coordinates":[34.81398425723103,1.199924640762651]}
6	{"geodesic":false,"type":"Point","coordinates":[34.828536964833766,1.107757492611988]}
6	{"geodesic":false,"type":"Point","coordinates":[34.73394436541598,1.218789261729161]}
6	{"geodesic":false,"type":"Point","coordinates":[34.71130682025617,1.2646033412192565]}
6	{"geodesic":false,"type":"Point","coordinates":[34.73610032209787,1.220675723825812]}
6	{"geodesic":false,"type":"Point","coordinates":[34.78514833661079,1.1142253626576486]}
6	{"geodesic":false,"type":"Point","coordinates":[34.83150140527136,1.1236576731409036]}
6	{"geodesic":false,"type":"Point","coordinates":[34.821799600202866,1.1056015359301012]}
6	{"geodesic":false,"type":"Point","coordinates":[34.722625592836074,1.2608304170259546]}
6	{"geodesic":false,"type":"Point","coordinates":[34.73798678419452,1.2734966625320399]}
6	{"geodesic":false,"type":"Point","coordinates":[34.79673660377593,1.2047755432968963]}
6	{"geodesic":false,"type":"Point","coordinates":[34.817487686839094,1.2001941353478869]}
6	{"geodesic":false,"type":"Point","coordinates":[34.788921260804095,1.1126083951462336]}
6	{"geodesic":false,"type":"Point","coordinates":[34.795119636264516,1.2104349295868493]}
6	{"geodesic":false,"type":"Point","coordinates":[34.7325968924898,1.2198672400701043]}
6	{"geodesic":false,"type":"Point","coordinates":[34.78568732578126,1.115303340998592]}
6	{"geodesic":false,"type":"Point","coordinates":[34.73367487083075,1.222562185922463]}
6	{"geodesic":false,"type":"Point","coordinates":[34.825842018981405,1.152763088346376]}
6	{"geodesic":false,"type":"Point","coordinates":[34.73205790331933,1.2179807779734533]}
6	{"geodesic":false,"type":"Point","coordinates":[34.82691999732235,1.1074879980267522]}
6	{"geodesic":false,"type":"Point","coordinates":[34.81910465435051,1.197768684080764]}
6	{"geodesic":false,"type":"Point","coordinates":[34.71184580942664,1.2643338466340206]}
6	{"geodesic":false,"type":"Point","coordinates":[34.795389130849756,1.2098959404163776]}
6	{"geodesic":false,"type":"Point","coordinates":[34.78353136909938,1.203428070370717]}
6	{"geodesic":false,"type":"Point","coordinates":[34.834465845708955,1.1320120052832152]}
6	{"geodesic":false,"type":"Point","coordinates":[34.81290627889008,1.1131473843167052]}
6	{"geodesic":false,"type":"Point","coordinates":[34.77894996115037,1.1411748211812343]}
6	{"geodesic":false,"type":"Point","coordinates":[34.81398425723103,1.113416878901941]}
6	{"geodesic":false,"type":"Point","coordinates":[34.7859568203665,1.1147643518281203]}
6	{"geodesic":false,"type":"Point","coordinates":[34.79431115250881,1.20908745666067]}
6	{"geodesic":false,"type":"Point","coordinates":[34.782453390758434,1.210973918757321]}
6	{"geodesic":false,"type":"Point","coordinates":[34.83581331863513,1.1535715721020836]}

